Nombres,Mails,celulares,Cursando
dsfdsfs,admin157@yahoo.com,+54 9 11 2556-1670,False
Pedro Sánchez,info148@gmail.com,+54 9 11 7274-4124,False
Sofía Martínez,admin490@hotmail.com,+54 9 11 6611-6708,False
Isabella Gómez,admin128@yahoo.com,+54 9 11 6116-7545,True
Miguel Torres,user413@outlook.com,+54 9 11 9032-3372,True
Isabella Flores,maria614@gmail.com,+54 9 11 4497-2499,True
Jorge Torres,contact120@gmail.com,+54 9 11 3527-9913,True
Diego Rodríguez,maria592@outlook.com,+54 9 11 1809-5566,True
Pedro Reyes,support655@outlook.com,+54 9 11 5778-6182,False
Lucía Hernández,maria896@empresa.com,+54 9 11 3089-2908,True
Carlos Gómez,support175@empresa.com,+54 9 11 6579-6079,False
Sofía López,carlos189@outlook.com,+54 9 11 4055-7804,False
Sofía Martínez,carlos678@hotmail.com,+54 9 11 2848-9167,True
Martina Ruiz,user933@hotmail.com,+54 9 11 7183-2064,False
Isabella Martínez,juan663@hotmail.com,+54 9 11 5638-4606,True
Fernando Rodríguez,admin943@hotmail.com,+54 9 11 8730-5238,True
Laura Flores,user258@hotmail.com,+54 9 11 5092-7089,True
Diego Torres,support860@outlook.com,+54 9 11 1090-3145,False
Carlos González,carlos719@gmail.com,+54 9 11 5387-1771,False
Pedro Ramírez,juan857@gmail.com,+54 9 11 2272-8402,True
Roberto Vargas,user947@outlook.com,+54 9 11 3372-3383,True
Sofía Ruiz,carlos317@gmail.com,+54 9 11 8508-4839,True
Victoria Pérez,carlos63@hotmail.com,+54 9 11 6885-4363,False
Diego Ruiz,carlos860@yahoo.com,+54 9 11 5884-9653,False
Roberto Morales,contact894@outlook.com,+54 9 11 3393-4731,False
Jorge García,user356@hotmail.com,+54 9 11 3403-3749,True
Valentina González,carlos18@outlook.com,+54 9 11 5194-4578,True
Jorge Cruz,admin318@outlook.com,+54 9 11 6291-6999,True
Diego Jiménez,juan909@outlook.com,+54 9 11 8705-7217,False
Juan Rodríguez,support523@outlook.com,+54 9 11 7850-4073,False
Isabella González,contact456@hotmail.com,+54 9 11 3997-5237,True
Lucía Reyes,info963@gmail.com,+54 9 11 3995-8512,True
Carlos García,maria177@empresa.com,+54 9 11 4654-5731,True
Diego Pérez,info678@yahoo.com,+54 9 11 4039-6486,True
Isabella López,carlos616@yahoo.com,+54 9 11 4382-5751,False
Laura López,juan388@empresa.com,+54 9 11 4387-5891,False
Martina Ruiz,maria208@yahoo.com,+54 9 11 3825-7384,False
Carlos Cruz,admin792@hotmail.com,+54 9 11 9489-4008,True
Isabella Flores,carlos85@yahoo.com,+54 9 11 4423-5842,True
Pedro Torres,juan840@hotmail.com,+54 9 11 3984-2028,False
Valentina Ruiz,info91@gmail.com,+54 9 11 1431-9419,True
Camila Rodríguez,carlos551@empresa.com,+54 9 11 5159-7581,True
Victoria Jiménez,admin26@hotmail.com,+54 9 11 7338-2612,False
Jorge Pérez,admin119@yahoo.com,+54 9 11 9805-6089,True
María Vargas,support168@hotmail.com,+54 9 11 2848-8849,True
Camila Martínez,contact671@gmail.com,+54 9 11 1314-6529,True
Martina Cruz,admin674@hotmail.com,+54 9 11 6071-7367,True
Isabella Jiménez,carlos730@outlook.com,+54 9 11 1487-6622,True
Victoria Ruiz,juan529@outlook.com,+54 9 11 5985-4128,False
Martina Ramírez,admin281@gmail.com,+54 9 11 6723-5999,False
Fernando Vargas,user259@yahoo.com,+54 9 11 6371-3966,False
Antonio González,admin507@yahoo.com,+54 9 11 6203-5893,True
Luis Cruz,juan8@empresa.com,+54 9 11 8100-7502,False
Miguel García,juan406@empresa.com,+54 9 11 7815-6565,False
Camila García,juan561@yahoo.com,+54 9 11 6822-3848,False
Luis Cruz,juan347@hotmail.com,+54 9 11 3020-8000,False
Juan Reyes,carlos922@gmail.com,+54 9 11 1164-7013,False
Jorge Morales,user878@gmail.com,+54 9 11 4504-6895,False
Juan Martínez,maria879@hotmail.com,+54 9 11 9568-5056,False
Antonio Díaz,maria111@yahoo.com,+54 9 11 9364-8014,False
Juan Ruiz,support451@outlook.com,+54 9 11 8465-1630,True
Martina González,carlos33@outlook.com,+54 9 11 5143-8006,True
Camila Díaz,maria531@gmail.com,+54 9 11 7199-4787,False
Sofía Cruz,carlos392@outlook.com,+54 9 11 6756-3304,False
Camila Reyes,support360@yahoo.com,+54 9 11 9238-3898,True
Luis Flores,user871@yahoo.com,+54 9 11 6113-7852,True
Lucía Pérez,info69@gmail.com,+54 9 11 4397-6701,True
Martina Jiménez,user835@empresa.com,+54 9 11 2911-9273,False
Valentina Flores,admin553@gmail.com,+54 9 11 2537-3036,False
María Torres,juan504@gmail.com,+54 9 11 3603-2636,True
Fernando Rivera,juan239@empresa.com,+54 9 11 8693-8618,True
Carlos Rodríguez,user501@empresa.com,+54 9 11 4359-1392,False
Valentina Gómez,user364@yahoo.com,+54 9 11 5343-9462,False
Carlos Jiménez,admin295@hotmail.com,+54 9 11 6734-6784,False
Camila López,maria187@yahoo.com,+54 9 11 8710-5539,True
Roberto Gómez,maria184@hotmail.com,+54 9 11 3287-6132,False
Carlos Rodríguez,juan470@empresa.com,+54 9 11 6413-8867,True
Ana Sánchez,contact750@yahoo.com,+54 9 11 6293-7790,True
Camila Hernández,carlos707@hotmail.com,+54 9 11 1031-2156,False
Fernando Martínez,user741@yahoo.com,+54 9 11 1390-3494,True
Juan Reyes,juan831@empresa.com,+54 9 11 9415-3519,True
Laura Sánchez,user279@yahoo.com,+54 9 11 3067-3053,False
Valentina García,admin464@hotmail.com,+54 9 11 9041-2633,False
Lucía Martínez,contact40@outlook.com,+54 9 11 6665-8728,False
Camila Cruz,admin642@empresa.com,+54 9 11 3235-6920,False
Carlos Rodríguez,contact169@empresa.com,+54 9 11 7176-8029,True
Ana Díaz,info857@outlook.com,+54 9 11 2526-2873,True
Fernando Hernández,maria742@empresa.com,+54 9 11 5360-9982,False
Diego Ramírez,contact496@empresa.com,+54 9 11 9598-5336,True
Juan Hernández,user255@gmail.com,+54 9 11 7410-3254,True
Martina Hernández,user272@outlook.com,+54 9 11 3887-8679,False
Juan Pérez,juan356@empresa.com,+54 9 11 5677-6197,True
Laura López,juan467@yahoo.com,+54 9 11 5049-3088,True
Juan Torres,carlos787@hotmail.com,+54 9 11 2914-1643,True
Carlos Rivera,user150@empresa.com,+54 9 11 3254-7214,True
Camila Flores,support775@yahoo.com,+54 9 11 5193-5530,False
Victoria Torres,contact649@gmail.com,+54 9 11 1354-4463,False
Juan Jiménez,contact810@empresa.com,+54 9 11 1780-5157,True
Antonio Pérez,maria15@yahoo.com,+54 9 11 1402-1160,True
Laura López,admin414@empresa.com,+54 9 11 5946-8722,True
